Şırnak,Uludere,Fatih Sultan Mehmet Ortaokulu,714732,Ortaokul,https://uluderefsmortaokulu.meb.k12.tr,,,https://uluderefsmortaokulu.meb.k12.tr/tema/harita.php,2026-08-31,41,41,bulundu,https://uluderefsmortaokulu.meb.k12.tr/,2026-10-01T19:35:49.381244+00:00,,Öğrenci Sayısı : 41
Şırnak,Uludere,Fatih Sultan Mehmet İlkokulu,714712,İlkokul,https://uluderefsmilkokulu.meb.k12.tr,,,https://uluderefsmilkokulu.meb.k12.tr/tema/harita.php,2026-08-31,83,83,bulundu,https://uluderefsmilkokulu.meb.k12.tr/,2026-10-01T19:35:49.385076+00:00,,Öğrenci Sayısı: 83
Şırnak,Uludere,GÜLYAZI ORTAOKULU,716077,Ortaokul,https://gulyaziortaokulu.meb.k12.tr,,,https://gulyaziortaokulu.meb.k12.tr/tema/harita.php,2026-08-31,124,124,bulundu,https://gulyaziortaokulu.meb.k12.tr/,2026-10-01T19:35:49.398359+00:00,,Öğrenci Sayısı 124
Şırnak,Uludere,Gül Bahçesi Anaokulu,970388,Anaokulu,https://gulbahcesianaokulu73.meb.k12.tr,,,https://gulbahcesianaokulu73.meb.k12.tr/tema/harita.php,2026-08-31,56,56,bulundu,https://gulbahcesianaokulu73.meb.k12.tr/,2026-10-01T19:35:49.417640+00:00,,Öğrenci Sayısı : 56
Şırnak,Uludere,Gül Bahçesi Özel Eğitim Anaokulu,773641,Anaokulu,https://773641.meb.k12.tr,,,https://773641.meb.k12.tr/tema/harita.php,2026-08-31,0,0,bulundu,https://773641.meb.k12.tr/,2026-10-01T19:35:49.447397+00:00,,Öğrenci Sayısı : 0
Şırnak,Uludere,Gülyazı Çok Programlı Anadolu Lisesi,889418,Çok Programlı Anadolu Lisesi,https://gulyazicpl.meb.k12.tr,,,https://gulyazicpl.meb.k12.tr/tema/harita.php,2026-08-31,449,449,bulundu,https://gulyazicpl.meb.k12.tr/,2026-10-01T19:35:49.448098+00:00,,Öğrenci Sayısı 449
Şırnak,Uludere,Gülyazı İlkokulu,716053,İlkokul,https://gulyaziilkokulu.meb.k12.tr,,,https://gulyaziilkokulu.meb.k12.tr/tema/harita.php,2026-08-31,143,143,bulundu,https://gulyaziilkokulu.meb.k12.tr/,2026-10-01T19:35:49.451568+00:00,,Öğrenci Sayısı 143
Şırnak,Uludere,Gülyazı Şehit Er Mehmet Ali Kültür İlkokulu,716036,İlkokul,https://gulyazisemakio.meb.k12.tr,,,https://gulyazisemakio.meb.k12.tr/tema/harita.php,2026-08-31,107,107,bulundu,https://gulyazisemakio.meb.k12.tr/,2026-10-01T19:35:49.464580+00:00,,Öğrenci Sayısı : 107
Şırnak,Uludere,Habur İlkokulu,749817,İlkokul,https://haburio.meb.k12.tr,,,https://haburio.meb.k12.tr/tema/harita.php,2026-08-31,56,56,bulundu,https://haburio.meb.k12.tr/,2026-10-01T19:35:49.750852+00:00,,Öğrenci Sayısı: 56
Şırnak,Uludere,Hilal Anadolu İmam Hatip Lisesi,769332,Anadolu İmam Hatip Lisesi,https://hilalaihl73.meb.k12.tr,,,https://hilalaihl73.meb.k12.tr/tema/harita.php,2026-08-31,215,215,bulundu,https://hilalaihl73.meb.k12.tr/,2026-10-01T19:35:49.929031+00:00,,Öğrenci Sayısı 215
Şırnak,Uludere,Hilal Şeyhan Ortaokulu,714599,Ortaokul,https://hilalseyhanortaokulu.meb.k12.tr,,,https://hilalseyhanortaokulu.meb.k12.tr/tema/harita.php,2026-08-31,153,153,bulundu,https://hilalseyhanortaokulu.meb.k12.tr/,2026-10-01T19:35:49.943336+00:00,,Öğrenci Sayısı : 153
Şırnak,Uludere,Hilal Şeyhan İlkokulu,714589,İlkokul,https://hilalseyhanilkokulu.meb.k12.tr,,,https://hilalseyhanilkokulu.meb.k12.tr/tema/harita.php,2026-08-31,205,205,bulundu,https://hilalseyhanilkokulu.meb.k12.tr/,2026-10-01T19:35:49.993878+00:00,,Öğrenci Sayısı : 205
Şırnak,Uludere,Mehmet Akif Ersoy Anadolu Lisesi,759950,Anadolu Lisesi,https://mehmetakifal.meb.k12.tr,,,https://mehmetakifal.meb.k12.tr/tema/harita.php,2026-08-31,299,299,bulundu,https://mehmetakifal.meb.k12.tr/,2026-10-01T19:35:50.015414+00:00,,Öğrenci Sayısı 299
Şırnak,Uludere,Mehmet Akif Ersoy Ortaokulu,715611,Ortaokul,https://uluderemehmetakifersoy.meb.k12.tr,,,https://uluderemehmetakifersoy.meb.k12.tr/tema/harita.php,2026-08-31,47,47,bulundu,https://uluderemehmetakifersoy.meb.k12.tr/,2026-10-01T19:35:50.032806+00:00,,Öğrenci Sayısı 47
Şırnak,Uludere,Mehmet Akif Ersoy İlkokulu,715510,İlkokul,https://ortabagmehmetakif.meb.k12.tr,,,https://ortabagmehmetakif.meb.k12.tr/tema/harita.php,2026-08-31,67,67,bulundu,https://ortabagmehmetakif.meb.k12.tr/,2026-10-01T19:35:50.126575+00:00,,Öğrenci Sayısı : 67
Şırnak,Uludere,Nilüfer Anaokulu,888006,Anaokulu,https://uluderenilufer.meb.k12.tr,,,https://uluderenilufer.meb.k12.tr/tema/harita.php,2026-08-31,84,84,bulundu,https://uluderenilufer.meb.k12.tr/,2026-10-01T19:35:50.187875+00:00,,Öğrenci Sayısı 84
Şırnak,Uludere,Orgeneral Edip Başer İmam Hatip Ortaokulu,747868,İmam Hatip Ortaokulu,https://senobaiho.meb.k12.tr,,,https://senobaiho.meb.k12.tr/tema/harita.php,2026-08-31,,,bulunamadi,,2026-10-01T19:35:50.205514+00:00,,
Şırnak,Uludere,Ortabağ Bucağı İlkokulu,715670,İlkokul,https://ortabagilkokulu.meb.k12.tr,,,https://ortabagilkokulu.meb.k12.tr/tema/harita.php,2026-08-31,,,bulunamadi,,2026-10-01T19:35:50.256328+00:00,,
Şırnak,Uludere,Ortabağ İmam Hatip Ortaokulu,715733,İmam Hatip Ortaokulu,https://ortabagiho.meb.k12.tr,,,https://ortabagiho.meb.k12.tr/tema/harita.php,2026-08-31,151,151,bulundu,https://ortabagiho.meb.k12.tr/,2026-10-01T19:35:50.453161+00:00,,Öğrenci Sayısı 151
Şırnak,Uludere,Ortaköy Ortaokulu,718389,Ortaokul,https://uludereortakoyoo.meb.k12.tr,,,https://uludereortakoyoo.meb.k12.tr/tema/harita.php,2026-08-31,80,80,bulundu,https://uludereortakoyoo.meb.k12.tr/,2026-10-01T19:35:50.478684+00:00,,Öğrenci Sayısı : 80
Şırnak,Uludere,Ortasu Ortaokulu,435772,Ortaokul,https://ortasu.meb.k12.tr,,,https://ortasu.meb.k12.tr/tema/harita.php,2026-08-31,129,129,bulundu,https://ortasu.meb.k12.tr/,2026-10-01T19:35:50.513103+00:00,,Öğrenci Sayısı 129
Şırnak,Uludere,Ortasu İlkokulu,715988,İlkokul,https://ortasuilkokulu.meb.k12.tr,,,https://ortasuilkokulu.meb.k12.tr/tema/harita.php,2026-08-31,108,108,bulundu,https://ortasuilkokulu.meb.k12.tr/,2026-10-01T19:35:50.550421+00:00,,Öğrenci Sayısı 108
Şırnak,Uludere,Selahattin Eyyubi İmam Hatip Ortaokulu,764621,İmam Hatip Ortaokulu,https://selahattineyyubiiho.meb.k12.tr,,,https://selahattineyyubiiho.meb.k12.tr/tema/harita.php,2026-08-31,72,72,bulundu,https://selahattineyyubiiho.meb.k12.tr/,2026-10-01T19:35:50.552803+00:00,,Öğrenci Sayısı 72
Şırnak,Uludere,Taşdelen Ortaokulu,715458,Ortaokul,https://tasdelenortaokulu.meb.k12.tr,,,https://tasdelenortaokulu.meb.k12.tr/tema/harita.php,2026-08-31,,,bulunamadi,,2026-10-01T19:35:50.599778+00:00,,
Şırnak,Uludere,Taşdelen İlkokulu,715430,İlkokul,https://tasdelenilkokulu.meb.k12.tr,,,https://tasdelenilkokulu.meb.k12.tr/tema/harita.php,2026-08-31,191,191,bulundu,https://tasdelenilkokulu.meb.k12.tr/,2026-10-01T19:35:50.606610+00:00,,Öğrenci Sayısı: 191
Şırnak,Uludere,Uludere Halk Eğitimi Merkezi,239635,Halk Eğitimi Merkezi,https://uluderehem.meb.k12.tr,,,https://uluderehem.meb.k12.tr/tema/harita.php,2026-08-31,,,bulunamadi,,2026-10-01T19:35:50.658601+00:00,,
Şırnak,Uludere,Uludere Çok Programlı Anadolu Lisesi,326342,Çok Programlı Anadolu Lisesi,https://uluderecpl.meb.k12.tr,,,https://uluderecpl.meb.k12.tr/tema/harita.php,2026-08-31,,,bulunamadi,,2026-10-01T19:35:50.693951+00:00,,
Şırnak,Uludere,Uludere Özel Eğitim Uygulama Okulu I. Kademe,775163,Özel Eğitim Kurumu,https://775163.meb.k12.tr,,,https://775163.meb.k12.tr/tema/harita.php,2026-08-31,,,bulunamadi,,2026-10-01T19:35:50.718413+00:00,,
Şırnak,Uludere,Uludere Özel Eğitim Uygulama Okulu II. Kademe,775167,Özel Eğitim Kurumu,https://775167.meb.k12.tr,,,https://775167.meb.k12.tr/tema/harita.php,2026-08-31,8,8,bulundu,https://775167.meb.k12.tr/tema/okulumuz_hakkinda.php,2026-10-01T19:35:50.873248+00:00,,Öğrenci : 8
Şırnak,Uludere,Uzungeçit Anadolu İmam Hatip Lisesi,764606,Anadolu İmam Hatip Lisesi,https://764606.meb.k12.tr,,,https://764606.meb.k12.tr/tema/harita.php,2026-08-31,134,134,bulundu,https://764606.meb.k12.tr/,2026-10-01T19:35:50.893844+00:00,,Öğrenci Sayısı 134
Şırnak,Uludere,Uzungeçit İlkokulu,708055,İlkokul,https://uzungecitio.meb.k12.tr,,,https://uzungecitio.meb.k12.tr/tema/harita.php,2026-08-31,234,234,bulundu,https://uzungecitio.meb.k12.tr/,2026-10-01T19:35:51.060456+00:00,,Öğrenci Sayısı: 234
Şırnak,Uludere,Yemişli Ortaokulu,716126,Ortaokul,https://yemislioo.meb.k12.tr,,,https://yemislioo.meb.k12.tr/tema/harita.php,2026-08-31,136,136,bulundu,https://yemislioo.meb.k12.tr/tema/okulumuz_hakkinda.php,2026-10-01T19:35:51.151279+00:00,,Öğrenci : 136
Şırnak,Uludere,Yemişli Umutışığı Ortaokulu,716159,Ortaokul,https://umutisigioo.meb.k12.tr,,,https://umutisigioo.meb.k12.tr/tema/harita.php,2026-08-31,63,63,bulundu,https://umutisigioo.meb.k12.tr/tema/okulumuz_hakkinda.php,2026-10-01T19:35:51.252360+00:00,,Öğrenci : 63
Şırnak,Uludere,Yemişli Umutışığı İlkokulu,716149,İlkokul,https://umutisigiio.meb.k12.tr,,,https://umutisigiio.meb.k12.tr/tema/harita.php,2026-08-31,87,87,bulundu,https://umutisigiio.meb.k12.tr/tema/okulumuz_hakkinda.php,2026-10-01T19:35:51.571538+00:00,,Öğrenci : 87
Şırnak,Uludere,Yemişli İlkokulu,716109,İlkokul,https://yemisliio.meb.k12.tr,,,https://yemisliio.meb.k12.tr/tema/harita.php,2026-08-31,199,199,bulundu,https://yemisliio.meb.k12.tr/tema/okulumuz_hakkinda.php,2026-10-01T19:35:51.650870+00:00,,Öğrenci : 199
Şırnak,Uludere,Zübeyde Hanım Anaokulu,965369,Anaokulu,https://uzungecitzha.meb.k12.tr,,,https://uzungecitzha.meb.k12.tr/tema/harita.php,2026-08-31,45,45,bulundu,https://uzungecitzha.meb.k12.tr/,2026-10-01T19:35:51.875639+00:00,,Öğrenci Sayısı : 45
Şırnak,Uludere,Öğretmenevi ve Akşam Sanat Okulu,971476,Öğretmenevi,https://uludereogretmenevi.meb.k12.tr,,,https://uludereogretmenevi.meb.k12.tr/tema/harita.php,2026-08-31,,,bulunamadi,,2026-10-01T19:35:51.995591+00:00,,
Şırnak,Uludere,Üçtepe Ortaokulu,714390,Ortaokul,https://uctepeortaokulu.meb.k12.tr,,,https://uctepeortaokulu.meb.k12.tr/tema/harita.php,2026-08-31,74,74,bulundu,https://uctepeortaokulu.meb.k12.tr/,2026-10-01T19:35:52.004016+00:00,,Öğrenci Sayısı : 74
Şırnak,Uludere,Üçtepe İlkokulu,714429,İlkokul,https://uctepe.meb.k12.tr,,,https://uctepe.meb.k12.tr/tema/harita.php,2026-08-31,114,114,bulundu,https://uctepe.meb.k12.tr/,2026-10-01T19:35:52.021254+00:00,,Öğrenci Sayısı 114
Şırnak,Uludere,İnceler Şehit Er Ahmet Akyel Ortaokulu,714633,Ortaokul,https://uludereincelerortaokulu.meb.k12.tr,,,https://uludereincelerortaokulu.meb.k12.tr/tema/harita.php,2026-08-31,127,127,bulundu,https://uludereincelerortaokulu.meb.k12.tr/,2026-10-01T19:35:52.090571+00:00,,Öğrenci Sayısı 127
Şırnak,Uludere,İnceler Şehit Er Ahmet Akyel İlkokulu,714629,İlkokul,https://uludereincelerilkokulu.meb.k12.tr,,,https://uludereincelerilkokulu.meb.k12.tr/tema/harita.php,2026-08-31,,,bulunamadi,,2026-10-01T19:35:52.098246+00:00,,
Şırnak,Uludere,İstikbal Ortaokulu,708086,Ortaokul,https://istikbaloo.meb.k12.tr,,,https://istikbaloo.meb.k12.tr/tema/harita.php,2026-08-31,149,149,bulundu,https://istikbaloo.meb.k12.tr/,2026-10-01T19:35:52.155546+00:00,,Öğrenci Sayısı 149
Şırnak,Uludere,İstikbal İmam Hatip Ortaokulu,765723,İmam Hatip Ortaokulu,https://istikbaliho.meb.k12.tr,,,https://istikbaliho.meb.k12.tr/tema/harita.php,2026-08-31,96,96,bulundu,https://istikbaliho.meb.k12.tr/,2026-10-01T19:35:52.159764+00:00,,Öğrenci Sayısı : 96
Şırnak,Uludere,Şehit Er Şeref Bulut Ortaokulu,714477,Ortaokul,https://serefbulutortaokulu.meb.k12.tr,,,https://serefbulutortaokulu.meb.k12.tr/tema/harita.php,2026-08-31,116,116,bulundu,https://serefbulutortaokulu.meb.k12.tr/,2026-10-01T19:35:52.173652+00:00,,Öğrenci Sayısı : 116
Şırnak,Uludere,Şehit Er Şeref Bulut İlkokulu,714471,İlkokul,https://serefbulutilkokulu.meb.k12.tr,,,https://serefbulutilkokulu.meb.k12.tr/tema/harita.php,2026-08-31,107,107,bulundu,https://serefbulutilkokulu.meb.k12.tr/,2026-10-01T19:35:52.511073+00:00,,Öğrenci Sayısı : 107
Şırnak,Uludere,Şehit Mehmet PAKSOY Ortaokulu,714646,Ortaokul,https://uluderesmpaksoyoo.meb.k12.tr,,,https://uluderesmpaksoyoo.meb.k12.tr/tema/harita.php,2026-08-31,102,102,bulundu,https://uluderesmpaksoyoo.meb.k12.tr/,2026-10-01T19:35:52.525282+00:00,,Öğrenci Sayısı 102
Şırnak,Uludere,Şehit Mehmet PAKSOY İlkokulu,714644,İlkokul,https://uluderesmpaksoyio.meb.k12.tr,,,https://uluderesmpaksoyio.meb.k12.tr/tema/harita.php,2026-08-31,121,121,bulundu,https://uluderesmpaksoyio.meb.k12.tr/,2026-10-01T19:35:52.635931+00:00,,Öğrenci Sayısı: 121
Şırnak,Uludere,Şehit Yarbay Songül Yakut Anaokulu,766436,Anaokulu,https://766436.meb.k12.tr,,,https://766436.meb.k12.tr/tema/harita.php,2026-08-31,70,70,bulundu,https://766436.meb.k12.tr/,2026-10-01T19:35:52.680152+00:00,,Öğrenci Sayısı : 70
Şırnak,Uludere,Şehitler Ortaokulu,714460,Ortaokul,https://orgfevziturkerioo.meb.k12.tr,,,https://orgfevziturkerioo.meb.k12.tr/tema/harita.php,2026-08-31,54,54,bulundu,https://orgfevziturkerioo.meb.k12.tr/,2026-10-01T19:35:52.681677+00:00,,Öğrenci Sayısı 54
Şırnak,Uludere,Şehitler İlkokulu,714445,İlkokul,https://orgfevziturkeriio.meb.k12.tr,,,https://orgfevziturkeriio.meb.k12.tr/tema/harita.php,2026-08-31,90,90,bulundu,https://orgfevziturkeriio.meb.k12.tr/,2026-10-01T19:35:52.724797+00:00,,Öğrenci Sayısı 90
Şırnak,Uludere,Şenoba Anaokulu,767925,Anaokulu,https://senobaanaokulu.meb.k12.tr,,,https://senobaanaokulu.meb.k12.tr/tema/harita.php,2026-08-31,54,54,bulundu,https://senobaanaokulu.meb.k12.tr/,2026-10-01T19:35:52.752522+00:00,,Öğrenci Sayısı: 54
Şırnak,Uludere,Şenoba Mevlana Ortaokulu,714503,Ortaokul,https://mevlanasenoba.meb.k12.tr,,,https://mevlanasenoba.meb.k12.tr/tema/harita.php,2026-08-31,,,bulunamadi,,2026-10-01T19:35:52.888512+00:00,,
Şırnak,Uludere,Şenoba Mevlana İlkokulu,714486,İlkokul,https://senobamevlana.meb.k12.tr,,,https://senobamevlana.meb.k12.tr/tema/harita.php,2026-08-31,161,161,bulundu,https://senobamevlana.meb.k12.tr/,2026-10-01T19:35:52.900155+00:00,,Öğrenci Sayısı : 161
Şırnak,Uludere,Şenoba Nurettin Asan Anadolu İmam Hatip Lisesi,764595,Anadolu İmam Hatip Lisesi,https://764595.meb.k12.tr,,,https://764595.meb.k12.tr/tema/harita.php,2026-08-31,467,467,bulundu,https://764595.meb.k12.tr/,2026-10-01T19:35:52.920599+00:00,,Öğrenci Sayısı 467
Şırnak,Uludere,Şenoba İlkokulu,767929,İlkokul,https://767929.meb.k12.tr,,,https://767929.meb.k12.tr/tema/harita.php,2026-08-31,104,104,bulundu,https://767929.meb.k12.tr/,2026-10-01T19:35:52.925387+00:00,,Öğrenci Sayısı : 104
Şırnak,İdil,Akdağ Ortaokulu,718991,Ortaokul,https://idilakdagoo.meb.k12.tr,,,https://idilakdagoo.meb.k12.tr/tema/harita.php,2026-08-31,53,53,bulundu,https://idilakdagoo.meb.k12.tr/,2026-10-01T19:35:53.023410+00:00,,Öğrenci Sayısı 53
Şırnak,İdil,Akdağ İlkokulu,718983,İlkokul,https://idilakdagio.meb.k12.tr,,,https://idilakdagio.meb.k12.tr/tema/harita.php,2026-08-31,84,84,bulundu,https://idilakdagio.meb.k12.tr/,2026-10-01T19:35:53.339732+00:00,,Öğrenci Sayısı : 84
Şırnak,İdil,Akkoyunlu Ortaokulu,765199,Ortaokul,https://akkoyunluorta.meb.k12.tr,,,https://akkoyunluorta.meb.k12.tr/tema/harita.php,2026-08-31,69,69,bulundu,https://akkoyunluorta.meb.k12.tr/,2026-10-01T19:35:53.487258+00:00,,Öğrenci Sayısı : 69
Şırnak,İdil,Akkoyunlu İlkokulu,719003,İlkokul,https://akkoyunluilk.meb.k12.tr,,,https://akkoyunluilk.meb.k12.tr/tema/harita.php,2026-08-31,38,38,bulundu,https://akkoyunluilk.meb.k12.tr/,2026-10-01T19:35:53.541103+00:00,,Öğrenci Sayısı: 38
Şırnak,İdil,Aksoy Anaokulu,766750,Anaokulu,https://aksoyanaokulu.meb.k12.tr,,,https://aksoyanaokulu.meb.k12.tr/tema/harita.php,2026-08-31,20,20,bulundu,https://aksoyanaokulu.meb.k12.tr/,2026-10-01T19:35:53.625810+00:00,,Öğrenci Sayısı: 20
Şırnak,İdil,Aksoy Ortaokulu,719021,Ortaokul,https://aksoyoo.meb.k12.tr,,,https://aksoyoo.meb.k12.tr/tema/harita.php,2026-08-31,93,93,bulundu,https://aksoyoo.meb.k12.tr/,2026-10-01T19:35:53.700204+00:00,,Öğrenci Sayısı 93
Şırnak,İdil,Aksoy İlkokulu,719016,İlkokul,https://idilaksoy.meb.k12.tr,,,https://idilaksoy.meb.k12.tr/tema/harita.php,2026-08-31,76,76,bulundu,https://idilaksoy.meb.k12.tr/,2026-10-01T19:35:53.719074+00:00,,Öğrenci Sayısı 76
Şırnak,İdil,Alakamış Ortaokulu,719040,Ortaokul,https://alakamiso.meb.k12.tr,,,https://alakamiso.meb.k12.tr/tema/harita.php,2026-08-31,91,91,bulundu,https://alakamiso.meb.k12.tr/,2026-10-01T19:35:53.783455+00:00,,Öğrenci Sayısı : 91
Şırnak,İdil,Alakamış İlkokulu,719027,İlkokul,https://alakamisi.meb.k12.tr,,,https://alakamisi.meb.k12.tr/tema/harita.php,2026-08-31,30,30,bulundu,https://alakamisi.meb.k12.tr/,2026-10-01T19:35:53.807410+00:00,,Öğrenci Sayısı : 30
Şırnak,İdil,Anafartalar İlkokulu,719058,İlkokul,https://idilanafartalarilkokulu.meb.k12.tr,,,https://idilanafartalarilkokulu.meb.k12.tr/tema/harita.php,2026-08-31,,,bulunamadi,,2026-10-01T19:35:53.830982+00:00,,
Şırnak,İdil,Atakent Anadolu Lisesi,767672,Anadolu Lisesi,https://atakentanadolulisesi.meb.k12.tr,,,https://atakentanadolulisesi.meb.k12.tr/tema/harita.php,2026-08-31,544,544,bulundu,https://atakentanadolulisesi.meb.k12.tr/,2026-10-01T19:35:53.849029+00:00,,Öğrenci Sayısı : 544
Şırnak,İdil,Atatürk Ortaokulu,435294,Ortaokul,https://idilataturk.meb.k12.tr,,,https://idilataturk.meb.k12.tr/tema/harita.php,2026-08-31,237,237,bulundu,https://idilataturk.meb.k12.tr/,2026-10-01T19:35:53.996656+00:00,,Öğrenci Sayısı : 237
Şırnak,İdil,Atatürk İlkokulu,750059,İlkokul,https://idilataturkilkokulu.meb.k12.tr,,,https://idilataturkilkokulu.meb.k12.tr/tema/harita.php,2026-08-31,309,309,bulundu,https://idilataturkilkokulu.meb.k12.tr/,2026-10-01T19:35:54.084067+00:00,,Öğrenci Sayısı : 309
Şırnak,İdil,Açma Ortaokulu,718979,Ortaokul,https://acma7373.meb.k12.tr,,,https://acma7373.meb.k12.tr/tema/harita.php,2026-08-31,47,47,bulundu,https://acma7373.meb.k12.tr/,2026-10-01T19:35:54.158497+00:00,,Öğrenci Sayısı 47
Şırnak,İdil,Açma İlkokulu,718974,İlkokul,https://acma7347.meb.k12.tr,,,https://acma7347.meb.k12.tr/tema/harita.php,2026-08-31,43,43,bulundu,https://acma7347.meb.k12.tr/,2026-10-01T19:35:54.223301+00:00,,Öğrenci Sayısı 43
Şırnak,İdil,Aşağıyavşan Ortaokulu,719102,Ortaokul,https://ayavsanoo.meb.k12.tr,,,https://ayavsanoo.meb.k12.tr/tema/harita.php,2026-08-31,101,101,bulundu,https://ayavsanoo.meb.k12.tr/,2026-10-01T19:35:54.294799+00:00,,Öğrenci Sayısı 101
Şırnak,İdil,Aşağıyavşan İlkokulu,719082,İlkokul,https://ayavsanio.meb.k12.tr,,,https://ayavsanio.meb.k12.tr/tema/harita.php,2026-08-31,46,46,bulundu,https://ayavsanio.meb.k12.tr/,2026-10-01T19:35:54.307316+00:00,,Öğrenci Sayısı 46
Şırnak,İdil,Babet İlkokulu,707481,İlkokul,https://babetilkokulu.meb.k12.tr,,,https://babetilkokulu.meb.k12.tr/tema/harita.php,2026-08-31,20,20,bulundu,https://babetilkokulu.meb.k12.tr/,2026-10-01T19:35:54.347775+00:00,,Öğrenci Sayısı: 20
Şırnak,İdil,Başak İlkokulu,853193,İlkokul,https://idilbasak.meb.k12.tr,,,https://idilbasak.meb.k12.tr/tema/harita.php,2026-08-31,12,12,bulundu,https://idilbasak.meb.k12.tr/,2026-10-01T19:35:54.387909+00:00,,Öğrenci Sayısı 12
Şırnak,İdil,Bener Cordan İlkokulu,719126,İlkokul,https://benercordanidil.meb.k12.tr,,,https://benercordanidil.meb.k12.tr/tema/harita.php,2026-08-31,333,333,bulundu,https://benercordanidil.meb.k12.tr/,2026-10-01T19:35:54.434024+00:00,,Öğrenci Sayısı : 333
Şırnak,İdil,Bereketli Ortaokulu,752646,Ortaokul,https://idilbereketliioo.meb.k12.tr,,,https://idilbereketliioo.meb.k12.tr/tema/harita.php,2026-08-31,44,44,bulundu,https://idilbereketliioo.meb.k12.tr/,2026-10-01T19:35:54.498026+00:00,,Öğrenci Sayısı : 44
Şırnak,İdil,Bereketli İlkokulu,707566,İlkokul,https://idilbereketliioomebk12tr.meb.k12.tr,,,https://idilbereketliioomebk12tr.meb.k12.tr/tema/harita.php,2026-08-31,14,14,bulundu,https://idilbereketliioomebk12tr.meb.k12.tr/,2026-10-01T19:35:54.560019+00:00,,Öğrenci Sayısı : 14
Şırnak,İdil,Bozkır Ortaokulu,719206,Ortaokul,https://idilbozkirortaokulu.meb.k12.tr,,,https://idilbozkirortaokulu.meb.k12.tr/tema/harita.php,2026-08-31,33,33,bulundu,https://idilbozkirortaokulu.meb.k12.tr/,2026-10-01T19:35:54.674005+00:00,,Öğrenci Sayısı : 33
Şırnak,İdil,Bozkır İlkokulu,719195,İlkokul,https://idilbozkirilkokulu.meb.k12.tr,,,https://idilbozkirilkokulu.meb.k12.tr/tema/harita.php,2026-08-31,18,18,bulundu,https://idilbozkirilkokulu.meb.k12.tr/,2026-10-01T19:35:55.068406+00:00,,Öğrenci Sayısı : 18
Şırnak,İdil,Camili Ortaokulu,719258,Ortaokul,https://camiliortaokulu.meb.k12.tr,,,https://camiliortaokulu.meb.k12.tr/tema/harita.php,2026-08-31,38,38,bulundu,https://camiliortaokulu.meb.k12.tr/,2026-10-01T19:35:55.154689+00:00,,Öğrenci Sayısı : 38
Şırnak,İdil,Camili İlkokulu,719235,İlkokul,https://camiliilkokulu.meb.k12.tr,,,https://camiliilkokulu.meb.k12.tr/tema/harita.php,2026-08-31,17,17,bulundu,https://camiliilkokulu.meb.k12.tr/,2026-10-01T19:35:55.519208+00:00,,Öğrenci Sayısı : 17
Şırnak,İdil,Cumhuriyet Ortaokulu,719291,Ortaokul,https://idilcumhuriyetortaokulu.meb.k12.tr,,,https://idilcumhuriyetortaokulu.meb.k12.tr/tema/harita.php,2026-08-31,549,549,bulundu,https://idilcumhuriyetortaokulu.meb.k12.tr/,2026-10-01T19:35:55.569444+00:00,,Öğrenci Sayısı 549
Şırnak,İdil,Cumhuriyet İlkokulu,719277,İlkokul,https://idilcumhuriyetilkokulu.meb.k12.tr,,,https://idilcumhuriyetilkokulu.meb.k12.tr/tema/harita.php,2026-08-31,728,728,bulundu,https://idilcumhuriyetilkokulu.meb.k12.tr/tema/okulumuz_hakkinda.php,2026-10-01T19:35:55.577854+00:00,,Öğrenci : 728
Şırnak,İdil,Dera İlkokulu,976985,İlkokul,https://deraio.meb.k12.tr,,,https://deraio.meb.k12.tr/tema/harita.php,2026-08-31,24,24,bulundu,https://deraio.meb.k12.tr/,2026-10-01T19:35:55.589946+00:00,,Öğrenci Sayısı: 24
Şırnak,İdil,Derecik İlkokulu,974679,İlkokul,https://idilderecik.meb.k12.tr,,,https://idilderecik.meb.k12.tr/tema/harita.php,2026-08-31,23,23,bulundu,https://idilderecik.meb.k12.tr/,2026-10-01T19:35:55.606224+00:00,,Öğrenci Sayısı: 23
Şırnak,İdil,Dirsekli Ortaokulu,719472,Ortaokul,https://dirsekliortaokulu.meb.k12.tr,,,https://dirsekliortaokulu.meb.k12.tr/tema/harita.php,2026-08-31,44,44,bulundu,https://dirsekliortaokulu.meb.k12.tr/,2026-10-01T19:35:55.662694+00:00,,Öğrenci Sayısı : 44
Şırnak,İdil,Dirsekli İlkokulu,719446,İlkokul,https://dirsekliilkokulu.meb.k12.tr,,,https://dirsekliilkokulu.meb.k12.tr/tema/harita.php,2026-08-31,64,64,bulundu,https://dirsekliilkokulu.meb.k12.tr/,2026-10-01T19:35:55.682812+00:00,,Öğrenci Sayısı : 64
Şırnak,İdil,Doluca İlkokulu,976972,İlkokul,https://idildolucaio.meb.k12.tr,,,https://idildolucaio.meb.k12.tr/tema/harita.php,2026-08-31,18,18,bulundu,https://idildolucaio.meb.k12.tr/,2026-10-01T19:35:55.721982+00:00,,Öğrenci Sayısı: 18
Şırnak,İdil,Dumanlı Ortaokulu,719621,Ortaokul,https://dumanliortaokulu.meb.k12.tr,,,https://dumanliortaokulu.meb.k12.tr/tema/harita.php,2026-08-31,49,49,bulundu,https://dumanliortaokulu.meb.k12.tr/,2026-10-01T19:35:55.780358+00:00,,Öğrenci Sayısı : 49
Şırnak,İdil,Dumanlı İlkokulu,719596,İlkokul,https://dumanliilkokulu.meb.k12.tr,,,https://dumanliilkokulu.meb.k12.tr/tema/harita.php,2026-08-31,42,42,bulundu,https://dumanliilkokulu.meb.k12.tr/,2026-10-01T19:35:55.925846+00:00,,Öğrenci Sayısı: 42
Şırnak,İdil,Duruköy Ortaokulu,719665,Ortaokul,https://duruortaokulu.meb.k12.tr,,,https://duruortaokulu.meb.k12.tr/tema/harita.php,2026-08-31,61,61,bulundu,https://duruortaokulu.meb.k12.tr/,2026-10-01T19:35:55.977978+00:00,,Öğrenci Sayısı : 61
Şırnak,İdil,Duruköy İlkokulu,719649,İlkokul,https://durukoy.meb.k12.tr,,,https://durukoy.meb.k12.tr/tema/harita.php,2026-08-31,62,62,bulundu,https://durukoy.meb.k12.tr/,2026-10-01T19:35:56.141796+00:00,,Öğrenci Sayısı 62
Şırnak,İdil,Elcani Ortaokulu,719704,Ortaokul,https://elcanioo.meb.k12.tr,,,https://elcanioo.meb.k12.tr/tema/harita.php,2026-08-31,63,63,bulundu,https://elcanioo.meb.k12.tr/,2026-10-01T19:35:56.178492+00:00,,Öğrenci Sayısı : 63
Şırnak,İdil,Elcani İlkokulu,719697,İlkokul,https://elcaniio.meb.k12.tr,,,https://elcaniio.meb.k12.tr/tema/harita.php,2026-08-31,44,44,bulundu,https://elcaniio.meb.k12.tr/,2026-10-01T19:35:56.224231+00:00,,Öğrenci Sayısı : 44
Şırnak,İdil,Fatih Anaokulu,875179,Anaokulu,https://idilfatihanaokulu.meb.k12.tr,,,https://idilfatihanaokulu.meb.k12.tr/tema/harita.php,2026-08-31,168,168,bulundu,https://idilfatihanaokulu.meb.k12.tr/,2026-10-01T19:35:56.255340+00:00,,Öğrenci Sayısı: 168
Şırnak,İdil,Fatih Ortaokulu,719727,Ortaokul,https://idilfatihortaokulu.meb.k12.tr,,,https://idilfatihortaokulu.meb.k12.tr/tema/harita.php,2026-08-31,356,356,bulundu,https://idilfatihortaokulu.meb.k12.tr/,2026-10-01T19:35:56.320916+00:00,,Öğrenci Sayısı : 356
Şırnak,İdil,Fatih İlkokulu,719720,İlkokul,https://idilfatihilkokulu.meb.k12.tr,,,https://idilfatihilkokulu.meb.k12.tr/tema/harita.php,2026-08-31,487,487,bulundu,https://idilfatihilkokulu.meb.k12.tr/,2026-10-01T19:35:56.439856+00:00,,Öğrenci Sayısı : 487
Şırnak,İdil,Gedik İlkokulu,435316,İlkokul,https://idilgedikio.meb.k12.tr,,,https://idilgedikio.meb.k12.tr/tema/harita.php,2026-08-31,12,12,bulundu,https://idilgedikio.meb.k12.tr/,2026-10-01T19:35:56.546390+00:00,,Öğrenci Sayısı: 12
Şırnak,İdil,Gültepe İlkokulu,453672,İlkokul,https://gultepe.meb.k12.tr,,,https://gultepe.meb.k12.tr/tema/harita.php,2026-08-31,48,48,bulundu,https://gultepe.meb.k12.tr/,2026-10-01T19:35:56.597596+00:00,,Öğrenci Sayısı: 48
Şırnak,İdil,Gürbaraz İlkokulu,719739,İlkokul,https://gurbarazio.meb.k12.tr,,,https://gurbarazio.meb.k12.tr/tema/harita.php,2026-08-31,14,14,bulundu,https://gurbarazio.meb.k12.tr/tema/okulumuz_hakkinda.php,2026-10-01T19:35:56.666558+00:00,,Öğrenci : 14
Şırnak,İdil,Güzelova İlkokulu,435304,İlkokul,https://guzelovailkokulu.meb.k12.tr,,,https://guzelovailkokulu.meb.k12.tr/tema/harita.php,2026-08-31,3,3,bulundu,https://guzelovailkokulu.meb.k12.tr/tema/okulumuz_hakkinda.php,2026-10-01T19:35:56.690799+00:00,,Öğrenci : 3
Şırnak,İdil,Haberli İlkokulu,853150,İlkokul,https://haberliilkokulu.meb.k12.tr,,,https://haberliilkokulu.meb.k12.tr/tema/harita.php,2026-08-31,14,14,bulundu,https://haberliilkokulu.meb.k12.tr/,2026-10-01T19:35:56.746900+00:00,,Öğrenci Sayısı 14
Şırnak,İdil,Harbak İlkokulu,976716,İlkokul,https://idilharbakio.meb.k12.tr,,,https://idilharbakio.meb.k12.tr/tema/harita.php,2026-08-31,20,20,bulundu,https://idilharbakio.meb.k12.tr/,2026-10-01T19:35:56.846332+00:00,,Öğrenci Sayısı 20
Şırnak,İdil,Hendek İlkokulu,707986,İlkokul,https://hendek.meb.k12.tr,,,https://hendek.meb.k12.tr/tema/harita.php,2026-08-31,13,13,bulundu,https://hendek.meb.k12.tr/,2026-10-01T19:35:56.927322+00:00,,Öğrenci Sayısı 13
Şırnak,İdil,Işık İlkokulu,976838,İlkokul,https://isik.meb.k12.tr,,,https://isik.meb.k12.tr/tema/harita.php,2026-08-31,14,14,bulundu,https://isik.meb.k12.tr/,2026-10-01T19:35:57.017536+00:00,,Öğrenci Sayısı: 14
Şırnak,İdil,KARALAR ANAOKULU,763424,Anaokulu,https://idilkaralaranaokulu.meb.k12.tr,,,https://idilkaralaranaokulu.meb.k12.tr/tema/harita.php,2026-08-31,127,127,bulundu,https://idilkaralaranaokulu.meb.k12.tr/,2026-10-01T19:35:57.164167+00:00,,Öğrenci Sayısı: 127
Şırnak,İdil,Karalar Anadolu İmam Hatip Lisesi,764573,Anadolu İmam Hatip Lisesi,https://karalaranadoluimamhatip.meb.k12.tr,,,https://karalaranadoluimamhatip.meb.k12.tr/tema/harita.php,2026-08-31,161,161,bulundu,https://karalaranadoluimamhatip.meb.k12.tr/,2026-10-01T19:35:57.174409+00:00,,Öğrenci Sayısı : 161
Şırnak,İdil,Karalar İlkokulu,708042,İlkokul,https://idilkaralarilkokulu.meb.k12.tr,,,https://idilkaralarilkokulu.meb.k12.tr/tema/harita.php,2026-08-31,206,206,bulundu,https://idilkaralarilkokulu.meb.k12.tr/,2026-10-01T19:35:57.283156+00:00,,Öğrenci Sayısı 206
Şırnak,İdil,Karalar İmam Hatip Ortaokulu,763920,İmam Hatip Ortaokulu,https://karalarimamhatiportaokulu.meb.k12.tr,,,https://karalarimamhatiportaokulu.meb.k12.tr/tema/harita.php,2026-08-31,49,49,bulundu,https://karalarimamhatiportaokulu.meb.k12.tr/,2026-10-01T19:35:57.322867+00:00,,Öğrenci Sayısı : 49
Şırnak,İdil,Kayalı İlkokulu,708097,İlkokul,https://idilkayali73.meb.k12.tr,,,https://idilkayali73.meb.k12.tr/tema/harita.php,2026-08-31,54,54,bulundu,https://idilkayali73.meb.k12.tr/,2026-10-01T19:35:57.338771+00:00,,Öğrenci Sayısı : 54
Şırnak,İdil,Kayı Ortaokulu,763325,Ortaokul,https://idilkayioo.meb.k12.tr,,,https://idilkayioo.meb.k12.tr/tema/harita.php,2026-08-31,19,19,bulundu,https://idilkayioo.meb.k12.tr/,2026-10-01T19:35:57.361867+00:00,,Öğrenci Sayısı : 19
Şırnak,İdil,Kayı İlkokulu,708117,İlkokul,https://idilkayiio.meb.k12.tr,,,https://idilkayiio.meb.k12.tr/tema/harita.php,2026-08-31,15,15,bulundu,https://idilkayiio.meb.k12.tr/,2026-10-01T19:35:57.411793+00:00,,Öğrenci Sayısı : 15
Şırnak,İdil,Kazım Karabekir Ortaokulu,977012,Ortaokul,https://idilkkarabekir.meb.k12.tr,,,https://idilkkarabekir.meb.k12.tr/tema/harita.php,2026-08-31,323,323,bulundu,https://idilkkarabekir.meb.k12.tr/,2026-10-01T19:35:57.482038+00:00,,Öğrenci Sayısı 323
Şırnak,İdil,Kaşıkçı İlkokulu,853417,İlkokul,https://kasikciio.meb.k12.tr,,,https://kasikciio.meb.k12.tr/tema/harita.php,2026-08-31,12,12,bulundu,https://kasikciio.meb.k12.tr/,2026-10-01T19:35:57.753884+00:00,,Öğrenci Sayısı: 12
Şırnak,İdil,Kentli İlkokulu,719802,İlkokul,https://kentliilkokulu.meb.k12.tr,,,https://kentliilkokulu.meb.k12.tr/tema/harita.php,2026-08-31,10,10,bulundu,https://kentliilkokulu.meb.k12.tr/,2026-10-01T19:35:57.820899+00:00,,Öğrenci Sayısı 10
Şırnak,İdil,Kozluca İlkokulu,435269,İlkokul,https://idilkozlucaio.meb.k12.tr,,,https://idilkozlucaio.meb.k12.tr/tema/harita.php,2026-08-31,17,17,bulundu,https://idilkozlucaio.meb.k12.tr/,2026-10-01T19:35:57.863490+00:00,,Öğrenci Sayısı 17
Şırnak,İdil,Kozluca İmam Hatip Ortaokulu,719896,İmam Hatip Ortaokulu,https://idilkozlucaimamhatiportaokulu.meb.k12.tr,,,https://idilkozlucaimamhatiportaokulu.meb.k12.tr/tema/harita.php,2026-08-31,42,42,bulundu,https://idilkozlucaimamhatiportaokulu.meb.k12.tr/tema/okulumuz_hakkinda.php,2026-10-01T19:35:57.892830+00:00,,Öğrenci : 42
Şırnak,İdil,Kurtuluş İlkokulu,708137,İlkokul,https://idilkurtulusio.meb.k12.tr,,,https://idilkurtulusio.meb.k12.tr/tema/harita.php,2026-08-31,42,42,bulundu,https://idilkurtulusio.meb.k12.tr/,2026-10-01T19:35:57.900352+00:00,,Öğrenci Sayısı: 42
Şırnak,İdil,Kuyulu İlkokulu,708161,İlkokul,https://idilkuyuluilkokulu.meb.k12.tr,,,https://idilkuyuluilkokulu.meb.k12.tr/tema/harita.php,2026-08-31,15,15,bulundu,https://idilkuyuluilkokulu.meb.k12.tr/,2026-10-01T19:35:57.973839+00:00,,Öğrenci Sayısı: 15
Şırnak,İdil,Köyceğiz Ortaokulu,719936,Ortaokul,https://idilkoycegizoo.meb.k12.tr,,,https://idilkoycegizoo.meb.k12.tr/tema/harita.php,2026-08-31,99,99,bulundu,https://idilkoycegizoo.meb.k12.tr/tema/okulumuz_hakkinda.php,2026-10-01T19:35:57.987475+00:00,,Öğrenci : 99
Şırnak,İdil,Köyceğiz İlkokulu,719929,İlkokul,https://idilkoycegizio.meb.k12.tr,,,https://idilkoycegizio.meb.k12.tr/tema/harita.php,2026-08-31,97,97,bulundu,https://idilkoycegizio.meb.k12.tr/tema/okulumuz_hakkinda.php,2026-10-01T19:35:58.090795+00:00,,Öğrenci : 97
Şırnak,İdil,Köşklü İlkokulu,765776,İlkokul,https://765776.meb.k12.tr,,,https://765776.meb.k12.tr/tema/harita.php,2026-08-31,43,43,bulundu,https://765776.meb.k12.tr/,2026-10-01T19:35:58.277644+00:00,,Öğrenci Sayısı : 43
Şırnak,İdil,Kırca Ortaokulu,719838,Ortaokul,https://kircaoo.meb.k12.tr,,,https://kircaoo.meb.k12.tr/tema/harita.php,2026-08-31,50,50,bulundu,https://kircaoo.meb.k12.tr/,2026-10-01T19:35:58.293836+00:00,,Öğrenci Sayısı 50
Şırnak,İdil,Kırca İlkokulu,719832,İlkokul,https://kircaio.meb.k12.tr,,,https://kircaio.meb.k12.tr/tema/harita.php,2026-08-31,35,35,bulundu,https://kircaio.meb.k12.tr/,2026-10-01T19:35:58.350429+00:00,,Öğrenci Sayısı 35
Şırnak,İdil,Mehmet Akif Ersoy Ortaokulu,719967,Ortaokul,https://makif719967.meb.k12.tr,,,https://makif719967.meb.k12.tr/tema/harita.php,2026-08-31,403,403,bulundu,https://makif719967.meb.k12.tr/,2026-10-01T19:35:58.661630+00:00,,Öğrenci Sayısı : 403
Şırnak,İdil,Mehmet Akif İnan İmam Hatip Ortaokulu,764590,İmam Hatip Ortaokulu,https://idilmakifinaniho.meb.k12.tr,,,https://idilmakifinaniho.meb.k12.tr/tema/harita.php,2026-08-31,496,496,bulundu,https://idilmakifinaniho.meb.k12.tr/,2026-10-01T19:35:58.765215+00:00,,Öğrenci Sayısı : 496
Şırnak,İdil,Mevlana Ortaokulu,887947,Ortaokul,https://idilmevlanaortaokulu.meb.k12.tr,,,https://idilmevlanaortaokulu.meb.k12.tr/tema/harita.php,2026-08-31,253,253,bulundu,https://idilmevlanaortaokulu.meb.k12.tr/,2026-10-01T19:35:59.135598+00:00,,Öğrenci Sayısı : 253
Şırnak,İdil,Nene Hatun Anaokulu,767616,Anaokulu,https://idilnenehatunanaokulu.meb.k12.tr,,,https://idilnenehatunanaokulu.meb.k12.tr/tema/harita.php,2026-08-31,138,138,bulundu,https://idilnenehatunanaokulu.meb.k12.tr/,2026-10-01T19:35:59.256287+00:00,,Öğrenci Sayısı 138
Şırnak,İdil,Ocaklı İlkokulu,236584,İlkokul,https://idilocakliio.meb.k12.tr,,,https://idilocakliio.meb.k12.tr/tema/harita.php,2026-08-31,57,57,bulundu,https://idilocakliio.meb.k12.tr/,2026-10-01T19:35:59.273728+00:00,,Öğrenci Sayısı : 57
Şırnak,İdil,Okçu Ortaokulu,720010,Ortaokul,https://idilokcuortaokulu.meb.k12.tr,,,https://idilokcuortaokulu.meb.k12.tr/tema/harita.php,2026-08-31,104,104,bulundu,https://idilokcuortaokulu.meb.k12.tr/,2026-10-01T19:35:59.341483+00:00,,Öğrenci Sayısı : 104
Şırnak,İdil,Okçu İlkokulu,719995,İlkokul,https://idilokcuilkokulu.meb.k12.tr,,,https://idilokcuilkokulu.meb.k12.tr/tema/harita.php,2026-08-31,133,133,bulundu,https://idilokcuilkokulu.meb.k12.tr/,2026-10-01T19:35:59.349276+00:00,,Öğrenci Sayısı : 133
Şırnak,İdil,Ortaköy Ortaokulu,720045,Ortaokul,https://idilortakoyoo.meb.k12.tr,,,https://idilortakoyoo.meb.k12.tr/tema/harita.php,2026-08-31,108,108,bulundu,https://idilortakoyoo.meb.k12.tr/tema/okulumuz_hakkinda.php,2026-10-01T19:35:59.382917+00:00,,Öğrenci : 108
Şırnak,İdil,Ortaköy İlkokulu,720024,İlkokul,https://idilortakoyio.meb.k12.tr,,,https://idilortakoyio.meb.k12.tr/tema/harita.php,2026-08-31,133,133,bulundu,https://idilortakoyio.meb.k12.tr/,2026-10-01T19:35:59.407239+00:00,,Öğrenci Sayısı 133
Şırnak,İdil,Oyalı Anaokulu,763017,Anaokulu,https://oyalanaokulu.meb.k12.tr,,,https://oyalanaokulu.meb.k12.tr/tema/harita.php,2026-08-31,37,37,bulundu,https://oyalanaokulu.meb.k12.tr/,2026-10-01T19:35:59.435807+00:00,,Öğrenci Sayısı: 37
Şırnak,İdil,Oyalı İlkokulu,976780,İlkokul,https://oyaliilkokulu.meb.k12.tr,,,https://oyaliilkokulu.meb.k12.tr/tema/harita.php,2026-08-31,182,182,bulundu,https://oyaliilkokulu.meb.k12.tr/,2026-10-01T19:35:59.524858+00:00,,Öğrenci Sayısı : 182
Şırnak,İdil,Oymak Ortaokulu,720068,Ortaokul,https://oymakoo.meb.k12.tr,,,https://oymakoo.meb.k12.tr/tema/harita.php,2026-08-31,112,112,bulundu,https://oymakoo.meb.k12.tr/,2026-10-01T19:35:59.582874+00:00,,Öğrenci Sayısı 112
Şırnak,İdil,Oymak İlkokulu,720050,İlkokul,https://oymakio.meb.k12.tr,,,https://oymakio.meb.k12.tr/tema/harita.php,2026-08-31,131,131,bulundu,https://oymakio.meb.k12.tr/,2026-10-01T19:35:59.624278+00:00,,Öğrenci Sayısı : 131
Şırnak,İdil,Pınarbaşı Anaokulu,766751,Anaokulu,https://pinarbasianaokulu.meb.k12.tr,,,https://pinarbasianaokulu.meb.k12.tr/tema/harita.php,2026-08-31,59,59,bulundu,https://pinarbasianaokulu.meb.k12.tr/,2026-10-01T19:35:59.711631+00:00,,Öğrenci Sayısı: 59
Şırnak,İdil,Pınarbaşı İlkokulu,708233,İlkokul,https://idilpinarbasiilkokulu.meb.k12.tr,,,https://idilpinarbasiilkokulu.meb.k12.tr/tema/harita.php,2026-08-31,142,142,bulundu,https://idilpinarbasiilkokulu.meb.k12.tr/tema/okulumuz_hakkinda.php,2026-10-01T19:35:59.716801+00:00,,Öğrenci : 142
Şırnak,İdil,Pınarbaşı İmam Hatip Ortaokulu,768453,İmam Hatip Ortaokulu,https://pinarbasiiho.meb.k12.tr,,,https://pinarbasiiho.meb.k12.tr/tema/harita.php,2026-08-31,164,164,bulundu,https://pinarbasiiho.meb.k12.tr/,2026-10-01T19:35:59.854042+00:00,,Öğrenci Sayısı 164
Şırnak,İdil,Selahaddin Eyyubi İlkokulu,768401,İlkokul,https://selahaddineyyubilkokulu.meb.k12.tr,,,https://selahaddineyyubilkokulu.meb.k12.tr/tema/harita.php,2026-08-31,173,173,bulundu,https://selahaddineyyubilkokulu.meb.k12.tr/,2026-10-01T19:36:00.044352+00:00,,Öğrenci Sayısı : 173
Şırnak,İdil,Sulak Ortaokulu,720147,Ortaokul,https://sulakoo.meb.k12.tr,,,https://sulakoo.meb.k12.tr/tema/harita.php,2026-08-31,66,66,bulundu,https://sulakoo.meb.k12.tr/,2026-10-01T19:36:00.054140+00:00,,Öğrenci Sayısı 66
Şırnak,İdil,Sulak İlkokulu,720137,İlkokul,https://sulakio.meb.k12.tr,,,https://sulakio.meb.k12.tr/tema/harita.php,2026-08-31,117,117,bulundu,https://sulakio.meb.k12.tr/,2026-10-01T19:36:00.089000+00:00,,Öğrenci Sayısı: 117
Şırnak,İdil,Sırtköy İlkokulu,887501,İlkokul,https://idilsirtkoy.meb.k12.tr,,,https://idilsirtkoy.meb.k12.tr/tema/harita.php,2026-08-31,51,51,bulundu,https://idilsirtkoy.meb.k12.tr/,2026-10-01T19:36:00.162828+00:00,,Öğrenci Sayısı 51
Şırnak,İdil,Teke Ortaokulu,720269,Ortaokul,https://tekeortaokulu.meb.k12.tr,,,https://tekeortaokulu.meb.k12.tr/tema/harita.php,2026-08-31,244,244,bulundu,https://tekeortaokulu.meb.k12.tr/,2026-10-01T19:36:00.379795+00:00,,Öğrenci Sayısı 244
Şırnak,İdil,Teke İlkokulu,720206,İlkokul,https://tekeilkokulu.meb.k12.tr,,,https://tekeilkokulu.meb.k12.tr/tema/harita.php,2026-08-31,269,269,bulundu,https://tekeilkokulu.meb.k12.tr/tema/okulumuz_hakkinda.php,2026-10-01T19:36:00.576182+00:00,,Öğrenci : 269
Şırnak,İdil,Tekeköy Anaokulu,775972,Anaokulu,https://tekekoyanaokulu.meb.k12.tr,,,https://tekekoyanaokulu.meb.k12.tr/tema/harita.php,2026-08-31,50,50,bulundu,https://tekekoyanaokulu.meb.k12.tr/,2026-10-01T19:36:00.579807+00:00,,Öğrenci Sayısı: 50
Şırnak,İdil,Tepecik Ortaokulu,454114,Ortaokul,https://idiltepecikoo.meb.k12.tr,,,https://idiltepecikoo.meb.k12.tr/tema/harita.php,2026-08-31,68,68,bulundu,https://idiltepecikoo.meb.k12.tr/,2026-10-01T19:36:00.743809+00:00,,Öğrenci Sayısı 68
Şırnak,İdil,Tepecik İlkokulu,720280,İlkokul,https://idiltepecikilkokulu.meb.k12.tr,,,https://idiltepecikilkokulu.meb.k12.tr/tema/harita.php,2026-08-31,105,105,bulundu,https://idiltepecikilkokulu.meb.k12.tr/,2026-10-01T19:36:00.759896+00:00,,Öğrenci Sayısı 105
Şırnak,İdil,Tepeköy Anaokulu,774616,Anaokulu,https://774616.meb.k12.tr,,,https://774616.meb.k12.tr/tema/harita.php,2026-08-31,104,104,bulundu,https://774616.meb.k12.tr/,2026-10-01T19:36:00.772048+00:00,,Öğrenci Sayısı : 104
Şırnak,İdil,Tepeköy Ortaokulu,720326,Ortaokul,https://tepekoy73.meb.k12.tr,,,https://tepekoy73.meb.k12.tr/tema/harita.php,2026-08-31,126,126,bulundu,https://tepekoy73.meb.k12.tr/,2026-10-01T19:36:00.806076+00:00,,Öğrenci Sayısı : 126
Şırnak,İdil,Tepeköy İlkokulu,720317,İlkokul,https://tepekoyidil.meb.k12.tr,,,https://tepekoyidil.meb.k12.tr/tema/harita.php,2026-08-31,255,255,bulundu,https://tepekoyidil.meb.k12.tr/,2026-10-01T19:36:00.869125+00:00,,Öğrenci Sayısı : 255
Şırnak,İdil,Tepeköy Şehit İlyas Bağater İmam Hatip Ortaokulu,762041,İmam Hatip Ortaokulu,https://tepekoyiho.meb.k12.tr,,,https://tepekoyiho.meb.k12.tr/tema/harita.php,2026-08-31,75,75,bulundu,https://tepekoyiho.meb.k12.tr/,2026-10-01T19:36:00.905210+00:00,,Öğrenci Sayısı : 75
Şırnak,İdil,Tepeli İlkokulu,708274,İlkokul,https://idiltepeliio.meb.k12.tr,,,https://idiltepeliio.meb.k12.tr/tema/harita.php,2026-08-31,21,21,bulundu,https://idiltepeliio.meb.k12.tr/,2026-10-01T19:36:01.113446+00:00,,Öğrenci Sayısı: 21
Şırnak,İdil,Toklu Ortaokulu,720371,Ortaokul,https://tokluoo.meb.k12.tr,,,https://tokluoo.meb.k12.tr/tema/harita.php,2026-08-31,45,45,bulundu,https://tokluoo.meb.k12.tr/,2026-10-01T19:36:01.277846+00:00,,Öğrenci Sayısı : 45
Şırnak,İdil,Toklu İlkokulu,720352,İlkokul,https://tokluio.meb.k12.tr,,,https://tokluio.meb.k12.tr/tema/harita.php,2026-08-31,21,21,bulundu,https://tokluio.meb.k12.tr/,2026-10-01T19:36:01.328018+00:00,,Öğrenci Sayısı : 21
Şırnak,İdil,Topraklı Ortaokulu,720397,Ortaokul,https://toprakliortaokulu.meb.k12.tr,,,https://toprakliortaokulu.meb.k12.tr/tema/harita.php,2026-08-31,31,31,bulundu,https://toprakliortaokulu.meb.k12.tr/,2026-10-01T19:36:01.464878+00:00,,Öğrenci Sayısı : 31
Şırnak,İdil,Topraklı İlkokulu,720384,İlkokul,https://toprakliilkokulu.meb.k12.tr,,,https://toprakliilkokulu.meb.k12.tr/tema/harita.php,2026-08-31,5,5,bulundu,https://toprakliilkokulu.meb.k12.tr/,2026-10-01T19:36:01.498154+00:00,,Öğrenci Sayısı: 5
Şırnak,İdil,"Turgut Özal 
İlkokulu",767935,İlkokul,https://767935.meb.k12.tr,,,https://767935.meb.k12.tr/tema/harita.php,2026-08-31,227,227,bulundu,https://767935.meb.k12.tr/,2026-10-01T19:36:01.614925+00:00,,Öğrenci Sayısı : 227
Şırnak,İdil,Ulak Ortaokulu,720495,Ortaokul,https://ulakortaokulu.meb.k12.tr,,,https://ulakortaokulu.meb.k12.tr/tema/harita.php,2026-08-31,72,72,bulundu,https://ulakortaokulu.meb.k12.tr/,2026-10-01T19:36:01.713505+00:00,,Öğrenci Sayısı 72
Şırnak,İdil,Ulak İlkokulu,720450,İlkokul,https://ulakilkokulu.meb.k12.tr,,,https://ulakilkokulu.meb.k12.tr/tema/harita.php,2026-08-31,84,84,bulundu,https://ulakilkokulu.meb.k12.tr/,2026-10-01T19:36:01.912265+00:00,,Öğrenci Sayısı: 84
Şırnak,İdil,Uçarlı İlkokulu,708293,İlkokul,https://ucarli.meb.k12.tr,,,https://ucarli.meb.k12.tr/tema/harita.php,2026-08-31,33,33,bulundu,https://ucarli.meb.k12.tr/,2026-10-01T19:36:01.914029+00:00,,Öğrenci Sayısı: 33
Şırnak,İdil,Uğrak Ortaokulu,720420,Ortaokul,https://ugrakorta.meb.k12.tr,,,https://ugrakorta.meb.k12.tr/tema/harita.php,2026-08-31,44,44,bulundu,https://ugrakorta.meb.k12.tr/,2026-10-01T19:36:01.972406+00:00,,Öğrenci Sayısı 44
Şırnak,İdil,Uğrak İlkokulu,720413,İlkokul,https://ugrakilk.meb.k12.tr,,,https://ugrakilk.meb.k12.tr/tema/harita.php,2026-08-31,59,59,bulundu,https://ugrakilk.meb.k12.tr/,2026-10-01T19:36:01.986926+00:00,,Öğrenci Sayısı 59
Şırnak,İdil,Varımlı Ortaokulu,720477,Ortaokul,https://varimliortaokulu.meb.k12.tr,,,https://varimliortaokulu.meb.k12.tr/tema/harita.php,2026-08-31,95,95,bulundu,https://varimliortaokulu.meb.k12.tr/,2026-10-01T19:36:01.991504+00:00,,Öğrenci Sayısı : 95
Şırnak,İdil,Varımlı İlkokulu,720486,İlkokul,https://varimliilkokulu.meb.k12.tr,,,https://varimliilkokulu.meb.k12.tr/tema/harita.php,2026-08-31,96,96,bulundu,https://varimliilkokulu.meb.k12.tr/,2026-10-01T19:36:02.079923+00:00,,Öğrenci Sayısı : 96
Şırnak,İdil,Veysel Karani Ortaokulu,719062,Ortaokul,https://idilveyselkaraniortaokulu.meb.k12.tr,,,https://idilveyselkaraniortaokulu.meb.k12.tr/tema/harita.php,2026-08-31,555,555,bulundu,https://idilveyselkaraniortaokulu.meb.k12.tr/,2026-10-01T19:36:02.181815+00:00,,Öğrenci Sayısı 555
Şırnak,İdil,Yarbaşı Ortaokulu,720131,Ortaokul,https://yarbasioo.meb.k12.tr,,,https://yarbasioo.meb.k12.tr/tema/harita.php,2026-08-31,91,91,bulundu,https://yarbasioo.meb.k12.tr/,2026-10-01T19:36:02.252841+00:00,,Öğrenci Sayısı: 91
Şırnak,İdil,Yarbaşı İlkokulu,720138,İlkokul,https://yarbasiio73.meb.k12.tr,,,https://yarbasiio73.meb.k12.tr/tema/harita.php,2026-08-31,144,144,bulundu,https://yarbasiio73.meb.k12.tr/,2026-10-01T19:36:02.370227+00:00,,Öğrenci Sayısı: 144
Şırnak,İdil,Yayalar Ortaokulu,720108,Ortaokul,https://yayalar.meb.k12.tr,,,https://yayalar.meb.k12.tr/tema/harita.php,2026-08-31,17,17,bulundu,https://yayalar.meb.k12.tr/,2026-10-01T19:36:02.375328+00:00,,Öğrenci Sayısı : 17
Şırnak,İdil,Yayalar İlkokulu,720119,İlkokul,https://yayalario.meb.k12.tr,,,https://yayalario.meb.k12.tr/tema/harita.php,2026-08-31,18,18,bulundu,https://yayalario.meb.k12.tr/,2026-10-01T19:36:02.376918+00:00,,Öğrenci Sayısı : 18
Şırnak,İdil,Yazman Ortaokulu,720021,Ortaokul,https://yazmanortaokulu.meb.k12.tr,,,https://yazmanortaokulu.meb.k12.tr/tema/harita.php,2026-08-31,71,71,bulundu,https://yazmanortaokulu.meb.k12.tr/,2026-10-01T19:36:02.389555+00:00,,Öğrenci Sayısı 71
Şırnak,İdil,Yazman İlkokulu,720044,İlkokul,https://yazmanilkokulu.meb.k12.tr,,,https://yazmanilkokulu.meb.k12.tr/tema/harita.php,2026-08-31,80,80,bulundu,https://yazmanilkokulu.meb.k12.tr/,2026-10-01T19:36:02.590680+00:00,,Öğrenci Sayısı 80
Şırnak,İdil,Yağmurca İlkokulu,765187,İlkokul,https://idilyagmurcaio.meb.k12.tr,,,https://idilyagmurcaio.meb.k12.tr/tema/harita.php,2026-08-31,22,22,bulundu,https://idilyagmurcaio.meb.k12.tr/,2026-10-01T19:36:02.851677+00:00,,Öğrenci Sayısı 22
Şırnak,İdil,Yeniköy Ortaokulu,719993,Ortaokul,https://idilyenikoyortaokulu.meb.k12.tr,,,https://idilyenikoyortaokulu.meb.k12.tr/tema/harita.php,2026-08-31,84,84,bulundu,https://idilyenikoyortaokulu.meb.k12.tr/,2026-10-01T19:36:02.883695+00:00,,Öğrenci Sayısı 84
Şırnak,İdil,Yeniköy İlkokulu,720007,İlkokul,https://idilyenikoyilkokulu.meb.k12.tr,,,https://idilyenikoyilkokulu.meb.k12.tr/tema/harita.php,2026-08-31,55,55,bulundu,https://idilyenikoyilkokulu.meb.k12.tr/tema/okulumuz_hakkinda.php,2026-10-01T19:36:02.926511+00:00,,Öğrenci : 55
Şırnak,İdil,Yeşilce İlkokulu,719956,İlkokul,https://idilyesilceio.meb.k12.tr,,,https://idilyesilceio.meb.k12.tr/tema/harita.php,2026-08-31,21,21,bulundu,https://idilyesilceio.meb.k12.tr/,2026-10-01T19:36:03.020978+00:00,,Öğrenci Sayısı 21
Şırnak,İdil,Yolaçan İlkokulu,888005,İlkokul,https://idilyolacanio.meb.k12.tr,,,https://idilyolacanio.meb.k12.tr/tema/harita.php,2026-08-31,39,39,bulundu,https://idilyolacanio.meb.k12.tr/,2026-10-01T19:36:03.028992+00:00,,Öğrenci Sayısı : 39
Şırnak,İdil,Yukarı Yavşan Ortaokulu,759532,Ortaokul,https://idilyukariyavsanoo.meb.k12.tr,,,https://idilyukariyavsanoo.meb.k12.tr/tema/harita.php,2026-08-31,47,47,bulundu,https://idilyukariyavsanoo.meb.k12.tr/,2026-10-01T19:36:03.119112+00:00,,Öğrenci Sayısı 47
Şırnak,İdil,Yukarı Yavşan İlkokulu,708347,İlkokul,https://yukariyavsanilkokulu.meb.k12.tr,,,https://yukariyavsanilkokulu.meb.k12.tr/tema/harita.php,2026-08-31,57,57,bulundu,https://yukariyavsanilkokulu.meb.k12.tr/,2026-10-01T19:36:03.148050+00:00,,Öğrenci Sayısı 57
Şırnak,İdil,Yunus Emre Ortaokulu,714112,Ortaokul,https://idilyunusemre.meb.k12.tr,,,https://idilyunusemre.meb.k12.tr/tema/harita.php,2026-08-31,135,135,bulundu,https://idilyunusemre.meb.k12.tr/tema/okulumuz_hakkinda.php,2026-10-01T19:36:03.176054+00:00,,Öğrenci : 135
Şırnak,İdil,Yüksekköy Ortaokulu,720100,Ortaokul,https://yuksekkoyoo.meb.k12.tr,,,https://yuksekkoyoo.meb.k12.tr/tema/harita.php,2026-08-31,88,88,bulundu,https://yuksekkoyoo.meb.k12.tr/,2026-10-01T19:36:03.348489+00:00,,Öğrenci Sayısı 88
Şırnak,İdil,Yüksekköy İlkokulu,720060,İlkokul,https://yuksekkoyio.meb.k12.tr,,,https://yuksekkoyio.meb.k12.tr/tema/harita.php,2026-08-31,107,107,bulundu,https://yuksekkoyio.meb.k12.tr/,2026-10-01T19:36:03.400629+00:00,,Öğrenci Sayısı: 107
Şırnak,İdil,Zeynel Abidin Ortaokulu,757798,Ortaokul,https://idilzeynelabidin.meb.k12.tr,,,https://idilzeynelabidin.meb.k12.tr/tema/harita.php,2026-08-31,72,72,bulundu,https://idilzeynelabidin.meb.k12.tr/,2026-10-01T19:36:03.419996+00:00,,Öğrenci Sayısı : 72
Şırnak,İdil,Zeynel Abidin İlkokulu,759534,İlkokul,https://idilzeynelabidinilkokulu.meb.k12.tr,,,https://idilzeynelabidinilkokulu.meb.k12.tr/tema/harita.php,2026-08-31,59,59,bulundu,https://idilzeynelabidinilkokulu.meb.k12.tr/tema/okulumuz_hakkinda.php,2026-10-01T19:36:03.478525+00:00,,Öğrenci : 59
Şırnak,İdil,Zübeyde Hanım Anaokulu,959338,Anaokulu,https://idilzubeydehanimanaokulu.meb.k12.tr,,,https://idilzubeydehanimanaokulu.meb.k12.tr/tema/harita.php,2026-08-31,156,156,bulundu,https://idilzubeydehanimanaokulu.meb.k12.tr/,2026-10-01T19:36:03.601499+00:00,,Öğrenci Sayısı: 156
Şırnak,İdil,Çayırlı Ortaokulu,750281,Ortaokul,https://idilcayirliortaokulu.meb.k12.tr,,,https://idilcayirliortaokulu.meb.k12.tr/tema/harita.php,2026-08-31,30,30,bulundu,https://idilcayirliortaokulu.meb.k12.tr/,2026-10-01T19:36:03.642527+00:00,,Öğrenci Sayısı : 30
Şırnak,İdil,Çayırlı İlkokulu,707587,İlkokul,https://idilcayirli.meb.k12.tr,,,https://idilcayirli.meb.k12.tr/tema/harita.php,2026-08-31,35,35,bulundu,https://idilcayirli.meb.k12.tr/,2026-10-01T19:36:03.722949+00:00,,Öğrenci Sayısı : 35
Şırnak,İdil,Çok Programlı Anadolu Lisesi,964640,Çok Programlı Anadolu Lisesi,https://idilcpl.meb.k12.tr,,,https://idilcpl.meb.k12.tr/tema/harita.php,2026-08-31,443,443,bulundu,https://idilcpl.meb.k12.tr/,2026-10-01T19:36:03.818996+00:00,,Öğrenci Sayısı 443
Şırnak,İdil,Çukurlu Deştadara Ortaokulu,719376,Ortaokul,https://cukurludestadaraoo.meb.k12.tr,,,https://cukurludestadaraoo.meb.k12.tr/tema/harita.php,2026-08-31,120,120,bulundu,https://cukurludestadaraoo.meb.k12.tr/,2026-10-01T19:36:03.824584+00:00,,Öğrenci Sayısı 120
Şırnak,İdil,Çukurlu Deştadara İlkokulu,719366,İlkokul,https://cukurludestadaraio.meb.k12.tr,,,https://cukurludestadaraio.meb.k12.tr/tema/harita.php,2026-08-31,186,186,bulundu,https://cukurludestadaraio.meb.k12.tr/,2026-10-01T19:36:03.836412+00:00,,Öğrenci Sayısı 186
Şırnak,İdil,Çukurlu İlkokulu,745922,İlkokul,https://cukurluilkokulu.meb.k12.tr,,,https://cukurluilkokulu.meb.k12.tr/tema/harita.php,2026-08-31,,,bulunamadi,,2026-10-01T19:36:03.842101+00:00,,
Şırnak,İdil,Çınarlı İlkokulu,453170,İlkokul,https://cinarli.meb.k12.tr,,,https://cinarli.meb.k12.tr/tema/harita.php,2026-08-31,3,3,bulundu,https://cinarli.meb.k12.tr/,2026-10-01T19:36:03.976454+00:00,,Öğrenci Sayısı : 3
Şırnak,İdil,Çığır Ortaokulu,719338,Ortaokul,https://cigiroo.meb.k12.tr,,,https://cigiroo.meb.k12.tr/tema/harita.php,2026-08-31,71,71,bulundu,https://cigiroo.meb.k12.tr/,2026-10-01T19:36:03.981693+00:00,,Öğrenci Sayısı : 71
Şırnak,İdil,Çığır Çok Programlı Anadolu Lisesi,775261,Çok Programlı Anadolu Lisesi,https://775261.meb.k12.tr,,,https://775261.meb.k12.tr/tema/harita.php,2026-08-31,212,212,bulundu,https://775261.meb.k12.tr/,2026-10-01T19:36:04.216077+00:00,,Öğrenci Sayısı 212
Şırnak,İdil,Çığır İlkokulu,719327,İlkokul,https://cigirio.meb.k12.tr,,,https://cigirio.meb.k12.tr/tema/harita.php,2026-08-31,67,67,bulundu,https://cigirio.meb.k12.tr/,2026-10-01T19:36:04.244418+00:00,,Öğrenci Sayısı : 67
Şırnak,İdil,Özbek Ortaokulu,720089,Ortaokul,https://idilozbekortaokulu.meb.k12.tr,,,https://idilozbekortaokulu.meb.k12.tr/tema/harita.php,2026-08-31,75,75,bulundu,https://idilozbekortaokulu.meb.k12.tr/,2026-10-01T19:36:04.401151+00:00,,Öğrenci Sayısı : 75
Şırnak,İdil,Özbek İlkokulu,720082,İlkokul,https://idilozbekilkokulu.meb.k12.tr,,,https://idilozbekilkokulu.meb.k12.tr/tema/harita.php,2026-08-31,41,41,bulundu,https://idilozbekilkokulu.meb.k12.tr/,2026-10-01T19:36:04.408264+00:00,,Öğrenci Sayısı: 41
Şırnak,İdil,Özen Ortaokulu,720121,Ortaokul,https://ozenortaokulu.meb.k12.tr,,,https://ozenortaokulu.meb.k12.tr/tema/harita.php,2026-08-31,261,261,bulundu,https://ozenortaokulu.meb.k12.tr/,2026-10-01T19:36:04.413067+00:00,,Öğrenci Sayısı 261
Şırnak,İdil,Özen İlkokulu,720094,İlkokul,https://ozenilkokulu.meb.k12.tr,,,https://ozenilkokulu.meb.k12.tr/tema/harita.php,2026-08-31,323,323,bulundu,https://ozenilkokulu.meb.k12.tr/,2026-10-01T19:36:04.480047+00:00,,Öğrenci Sayısı 323
Şırnak,İdil,Öğündük İlkokulu,708217,İlkokul,https://ogundukio.meb.k12.tr,,,https://ogundukio.meb.k12.tr/tema/harita.php,2026-08-31,41,41,bulundu,https://ogundukio.meb.k12.tr/tema/okulumuz_hakkinda.php,2026-10-01T19:36:04.541763+00:00,,Öğrenci : 41
Şırnak,İdil,Üçok Ortaokulu,720511,Ortaokul,https://ucokortaokulu.meb.k12.tr,,,https://ucokortaokulu.meb.k12.tr/tema/harita.php,2026-08-31,47,47,bulundu,https://ucokortaokulu.meb.k12.tr/,2026-10-01T19:36:04.545569+00:00,,Öğrenci Sayısı 47
Şırnak,İdil,Üçok İlkokulu,720507,İlkokul,https://ucokilkokulu.meb.k12.tr,,,https://ucokilkokulu.meb.k12.tr/tema/harita.php,2026-08-31,65,65,bulundu,https://ucokilkokulu.meb.k12.tr/,2026-10-01T19:36:04.561855+00:00,,Öğrenci Sayısı 65
Şırnak,İdil,İdil Anadolu Lisesi,965132,Anadolu Lisesi,https://idilanadolulisesi.meb.k12.tr,,,https://idilanadolulisesi.meb.k12.tr/tema/harita.php,2026-08-31,500,500,bulundu,https://idilanadolulisesi.meb.k12.tr/,2026-10-01T19:36:04.602448+00:00,,Öğrenci Sayısı 500
Şırnak,İdil,İdil Anadolu İmam Hatip Lisesi,760226,Anadolu İmam Hatip Lisesi,https://idilanadoluihl.meb.k12.tr,,,https://idilanadoluihl.meb.k12.tr/tema/harita.php,2026-08-31,60,60,bulundu,https://idilanadoluihl.meb.k12.tr/,2026-10-01T19:36:04.803665+00:00,,Öğrenci Sayısı : 60
Şırnak,İdil,İdil Bilim ve Sanat Merkezi,768827,Bilim ve Sanat Merkezi,https://idilbilsem.meb.k12.tr,,,https://idilbilsem.meb.k12.tr/tema/harita.php,2026-08-31,23,23,bulundu,https://idilbilsem.meb.k12.tr/,2026-10-01T19:36:04.834035+00:00,,Öğrenci Sayısı : 23
Şırnak,İdil,İdil Cumhuriyet Anadolu Lisesi,751143,Anadolu Lisesi,https://idilcumhuriyetal.meb.k12.tr,,,https://idilcumhuriyetal.meb.k12.tr/tema/harita.php,2026-08-31,622,622,bulundu,https://idilcumhuriyetal.meb.k12.tr/,2026-10-01T19:36:04.866390+00:00,,Öğrenci Sayısı : 622
Şırnak,İdil,İdil Halk Eğitimi Merkezi,239074,Halk Eğitimi Merkezi,https://idilhem.meb.k12.tr,,,https://idilhem.meb.k12.tr/tema/harita.php,2026-08-31,,,bulunamadi,,2026-10-01T19:36:04.899647+00:00,,
Şırnak,İdil,İdil Kız Anadolu İmam Hatip Lisesi,758836,Anadolu İmam Hatip Lisesi,https://idilkizaihl.meb.k12.tr,,,https://idilkizaihl.meb.k12.tr/tema/harita.php,2026-08-31,271,271,bulundu,https://idilkizaihl.meb.k12.tr/,2026-10-01T19:36:04.926950+00:00,,Öğrenci Sayısı : 271
Şırnak,İdil,İdil Mesleki ve Teknik Anadolu Lisesi,965508,Mesleki ve Teknik Anadolu Lisesi,https://idilmtal.meb.k12.tr,,,https://idilmtal.meb.k12.tr/tema/harita.php,2026-08-31,772,772,bulundu,https://idilmtal.meb.k12.tr/,2026-10-01T19:36:04.980549+00:00,,Öğrenci Sayısı 772
Şırnak,İdil,İdil Rehberlik ve Araştırma Merkezi,769374,Rehberlik ve Araştırma Merkezi,https://idilram.meb.k12.tr,,,https://idilram.meb.k12.tr/tema/harita.php,2026-08-31,,,bulunamadi,,2026-10-01T19:36:05.014291+00:00,,
Şırnak,İdil,İdil Özel Eğitim Anaokulu,773748,Anaokulu,https://773748.meb.k12.tr,,,https://773748.meb.k12.tr/tema/harita.php,2026-08-31,18,18,bulundu,https://773748.meb.k12.tr/,2026-10-01T19:36:05.137002+00:00,,Öğrenci Sayısı: 18
Şırnak,İdil,İdil Öğretmenevi ve Akşam Sanat Okulu,971474,Öğretmenevi,https://idilogretmenevi.meb.k12.tr,,,https://idilogretmenevi.meb.k12.tr/tema/harita.php,2026-08-31,,,bulunamadi,,2026-10-01T19:36:05.451390+00:00,,
Şırnak,İdil,İdil İmam Hatip Ortaokulu,749663,İmam Hatip Ortaokulu,https://idilimamhatiportaokulu.meb.k12.tr,,,https://idilimamhatiportaokulu.meb.k12.tr/tema/harita.php,2026-08-31,,,bulunamadi,,2026-10-01T19:36:05.473355+00:00,,
Şırnak,İdil,İpekyolu İlkokulu,766488,İlkokul,https://ipekyoluilkokulu.meb.k12.tr,,,https://ipekyoluilkokulu.meb.k12.tr/tema/harita.php,2026-08-31,210,210,bulundu,https://ipekyoluilkokulu.meb.k12.tr/,2026-10-01T19:36:06.217809+00:00,,Öğrenci Sayısı : 210
Şırnak,İdil,Şehit Astsubay Esma Çevik İlkokulu,719953,İlkokul,https://esmacevikio.meb.k12.tr,,,https://esmacevikio.meb.k12.tr/tema/harita.php,2026-08-31,613,613,bulundu,https://esmacevikio.meb.k12.tr/,2026-10-01T19:36:06.210096+00:00,,Öğrenci Sayısı: 613
Şırnak,İdil,Şehit Jandarma Uzman Çavuş Mehmet Sait Barış Ortaokulu,768393,Ortaokul,https://768393.meb.k12.tr,,,https://768393.meb.k12.tr/tema/harita.php,2026-08-31,23,23,bulundu,https://768393.meb.k12.tr/,2026-10-01T19:36:06.209598+00:00,,Öğrenci Sayısı : 23
Şırnak,İdil,Şehit Jandarma Uzman Çavuş Mehmet Sait Barış İlkokulu,707455,İlkokul,https://idilalatasioo.meb.k12.tr,,,https://idilalatasioo.meb.k12.tr/tema/harita.php,2026-08-31,26,26,bulundu,https://idilalatasioo.meb.k12.tr/,2026-10-01T19:36:06.210880+00:00,,Öğrenci Sayısı 26
Şırnak,İdil,Şehit Mehmet Akı Anadolu İmam Hatip Lisesi,768451,Anadolu İmam Hatip Lisesi,https://768451.meb.k12.tr,,,https://768451.meb.k12.tr/tema/harita.php,2026-08-31,48,48,bulundu,https://768451.meb.k12.tr/,2026-10-01T19:36:06.211391+00:00,,Öğrenci Sayısı 48